month,count
2016-01,0
2016-02,0
2016-03,0
2016-04,0
2016-05,0
2016-06,0
2016-07,0
2016-08,0
2016-09,0
2016-10,0
2016-11,0
2016-12,0
2017-01,0
2017-02,0
2017-03,0
2017-04,0
2017-05,0
2017-06,0
2017-07,0
2017-08,0
2017-09,0
2017-10,0
2017-11,0
2017-12,0
2018-01,0
2018-02,0
2018-03,0
2018-04,0
2018-05,0
2018-06,0
2018-07,0
2018-08,0
2018-09,0
2018-10,0
2018-11,0
2018-12,0
2019-01,0
2019-02,0
2019-03,0
2019-04,0
2019-05,23
2019-06,19
2019-07,32
2019-08,25
2019-09,23
2019-10,31
2019-11,45
2019-12,35
2020-01,28
2020-02,37
2020-03,67
2020-04,53
2020-05,101
2020-06,87
2020-07,92
2020-08,95
2020-09,127
2020-10,189
2020-11,183
2020-12,143
2021-01,179
2021-02,188
2021-03,228
2021-04,189
2021-05,230
2021-06,259
2021-07,293
2021-08,240
2021-09,267
2021-10,245
2021-11,265
2021-12,254
2022-01,304
2022-02,303
2022-03,333
2022-04,285
2022-05,361
2022-06,384
2022-07,576
2022-08,493
2022-09,613
2022-10,477
2022-11,481
2022-12,432
2023-01,537
2023-02,483
2023-03,585
2023-04,523
2023-05,590
2023-06,528
2023-07,569
2023-08,597
2023-09,636
2023-10,759
2023-11,865
2023-12,683
2024-01,974
2024-02,954
2024-03,1077
2024-04,1368
2024-05,1345
2024-06,1314
2024-07,1397
2024-08,1209
2024-09,1230
2024-10,1428
2024-11,1416
2024-12,1332
2025-01,1585
2025-02,1542
2025-03,1992
2025-04,1630
2025-05,1547
2025-06,1451
2025-07,1601
2025-08,1443
2025-09,1390
2025-10,1428
2025-11,1215
2025-12,1089
2026-01,1208
2026-02,1161
2026-03,1185
2026-04,1119
2026-05,1130
2026-06,1075
2026-07,1047
2026-08,895
2026-09,925
