month,gdp_index,gdp_yoy,gdp_qoq,cpi,bank_rate,unemp,wages
2016-01,90.0,1.81,0.5,0.3,0.5,5.1,2.2
2016-02,90.5,2.03,0.5,0.3,0.5,5.1,2.0
2016-03,90.3,1.69,0.5,0.5,0.5,5.0,2.1
2016-04,91.2,2.47,0.7,0.3,0.5,4.9,2.2
2016-05,90.9,2.13,0.7,0.3,0.5,4.9,2.4
2016-06,91.1,2.47,0.7,0.5,0.5,4.9,2.6
2016-07,91.2,2.13,0.4,0.6,0.5,5.0,2.5
2016-08,91.4,2.47,0.4,0.6,0.2841,4.8,2.4
2016-09,91.9,2.91,0.4,1.0,0.25,4.8,2.4
2016-10,91.6,2.12,0.6,0.9,0.25,4.8,2.5
2016-11,92.1,2.79,0.6,1.2,0.25,4.7,2.7
2016-12,92.8,3.23,0.6,1.6,0.25,4.7,2.5
2017-01,93.0,3.33,1.1,1.8,0.25,4.6,2.1
2017-02,93.1,2.87,1.1,2.3,0.25,4.6,2.1
2017-03,93.2,3.21,1.1,2.3,0.25,4.5,2.3
2017-04,93.6,2.63,1.0,2.7,0.25,4.4,2.2
2017-05,93.9,3.3,1.0,2.9,0.25,4.4,1.9
2017-06,94.1,3.29,1.0,2.6,0.25,4.3,2.2
2017-07,94.2,3.29,0.7,2.6,0.25,4.3,2.2
2017-08,94.4,3.28,0.7,2.9,0.25,4.3,2.4
2017-09,94.8,3.16,0.7,3.0,0.25,4.2,2.3
2017-10,94.9,3.6,0.8,3.0,0.25,4.3,2.6
2017-11,95.1,3.26,0.8,3.1,0.4886,4.4,2.5
2017-12,95.3,2.69,0.8,3.0,0.5,4.3,2.6
2018-01,95.2,2.37,0.1,3.0,0.5,4.2,2.7
2018-02,95.2,2.26,0.1,2.7,0.5,4.2,2.9
2018-03,95.1,2.04,0.1,2.5,0.5,4.2,2.6
2018-04,95.1,1.6,0.2,2.4,0.5,4.2,2.6
2018-05,95.4,1.6,0.2,2.4,0.5,4.0,2.5
2018-06,95.7,1.7,0.2,2.4,0.5,4.0,2.4
2018-07,95.5,1.38,0.3,2.5,0.5,4.0,2.7
2018-08,95.8,1.48,0.3,2.7,0.7386,4.1,2.9
2018-09,95.9,1.16,0.3,2.4,0.75,4.1,3.1
2018-10,95.9,1.05,0.1,2.4,0.75,4.0,3.4
2018-11,96.0,0.95,0.1,2.3,0.75,4.0,3.4
2018-12,95.5,0.21,0.1,2.1,0.75,3.9,3.5
2019-01,96.0,0.84,0.5,1.8,0.75,4.0,3.4
2019-02,96.5,1.37,0.5,1.9,0.75,3.8,3.6
2019-03,96.4,1.37,0.5,1.9,0.75,3.8,3.3
2019-04,96.0,0.95,0.2,2.1,0.75,3.8,3.2
2019-05,96.5,1.15,0.2,2.0,0.75,3.9,3.3
2019-06,97.1,1.46,0.2,2.0,0.75,3.9,3.9
2019-07,97.2,1.78,0.6,2.1,0.75,3.9,4.0
2019-08,97.0,1.25,0.6,1.7,0.75,3.9,3.8
2019-09,97.4,1.56,0.6,1.7,0.75,3.8,3.8
2019-10,97.3,1.46,0.2,1.5,0.75,3.8,3.2
2019-11,97.0,1.04,0.2,1.5,0.75,3.7,3.2
2019-12,97.4,1.99,0.2,1.3,0.75,3.9,2.7
2020-01,97.3,1.35,-2.8,1.8,0.75,3.9,3.0
2020-02,97.3,0.83,-2.8,1.7,0.75,4.1,2.8
2020-03,89.9,-6.74,-2.8,1.5,0.3477,4.1,2.2
2020-04,72.7,-24.27,-19.9,0.8,0.1,4.1,0.9
2020-05,74.2,-23.11,-19.9,0.5,0.1,4.1,-0.4
2020-06,81.1,-16.48,-19.9,0.6,0.1,4.4,-1.2
2020-07,86.6,-10.91,16.9,1.0,0.1,4.6,-0.9
2020-08,89.6,-7.63,16.9,0.2,0.1,5.0,0.2
2020-09,90.8,-6.78,16.9,0.5,0.1,5.2,1.5
2020-10,91.2,-6.27,1.4,0.7,0.1,5.2,2.8
2020-11,89.2,-8.04,1.4,0.3,0.1,5.3,3.7
2020-12,90.8,-6.78,1.4,0.6,0.1,5.2,4.6
2021-01,87.8,-9.76,-1.1,0.7,0.1,5.0,4.8
2021-02,88.9,-8.63,-1.1,0.4,0.1,4.9,4.5
2021-03,91.5,1.78,-1.1,0.7,0.1,4.8,4.2
2021-04,94.5,29.99,7.0,1.5,0.1,4.8,5.6
2021-05,95.8,29.11,7.0,2.1,0.1,4.7,7.4
2021-06,96.7,19.24,7.0,2.5,0.1,4.6,8.9
2021-07,96.3,11.2,1.7,2.0,0.1,4.5,8.4
2021-08,97.3,8.59,1.7,3.2,0.1,4.4,7.2
2021-09,97.8,7.71,1.7,3.1,0.1,4.3,6.0
2021-10,98.0,7.46,1.4,4.2,0.1,4.2,5.1
2021-11,98.5,10.43,1.4,5.1,0.1,4.2,4.4
2021-12,98.3,8.26,1.4,5.4,0.1714,4.1,4.9
2022-01,98.9,12.64,0.9,5.5,0.25,3.9,5.2
2022-02,99.3,11.7,0.9,6.2,0.475,3.8,5.9
2022-03,99.3,8.52,0.9,7.0,0.6196,3.8,7.2
2022-04,99.5,5.29,0.6,9.0,0.75,3.7,7.1
2022-05,100.0,4.38,0.6,9.1,0.9762,3.8,6.5
2022-06,99.4,2.79,0.6,9.4,1.1375,3.6,5.3
2022-07,99.9,3.74,0.1,10.1,1.25,3.6,5.5
2022-08,99.9,2.67,0.1,9.9,1.6818,3.7,6.1
2022-09,99.2,1.43,0.1,10.1,1.9167,3.8,6.0
2022-10,100.1,2.14,0.3,11.1,2.25,3.9,6.2
2022-11,100.2,1.73,0.3,10.7,2.9318,3.9,6.6
2022-12,99.7,1.42,0.3,10.5,3.25,3.9,6.2
2023-01,100.1,1.21,0.1,10.1,3.5,4.0,6.1
2023-02,100.3,1.01,0.1,10.4,3.975,4.0,5.9
2023-03,99.9,0.6,0.1,10.1,4.0761,3.9,6.2
2023-04,100.1,0.6,0.0,8.7,4.25,4.0,6.7
2023-05,99.8,-0.2,0.0,8.7,4.425,4.2,7.2
2023-06,100.5,1.11,0.0,7.9,4.6591,4.4,8.3
2023-07,100.1,0.2,-0.2,6.8,5.0,4.3,8.5
2023-08,100.0,0.1,-0.2,6.7,5.2273,4.1,8.2
2023-09,100.0,0.81,-0.2,6.7,5.25,4.0,7.9
2023-10,99.6,-0.5,-0.3,4.6,5.25,4.0,7.1
2023-11,99.9,-0.3,-0.3,3.9,5.25,3.9,6.6
2023-12,99.6,-0.1,-0.3,4.0,5.25,4.1,5.8
2024-01,100.1,0.0,0.7,4.0,5.25,4.2,5.8
2024-02,100.3,0.0,0.7,3.4,5.25,4.3,5.7
2024-03,100.6,0.7,0.7,3.2,5.25,4.4,5.8
2024-04,100.7,0.6,0.6,2.3,5.25,4.4,5.7
2024-05,101.1,1.3,0.6,2.0,5.25,4.2,5.7
2024-06,100.8,0.3,0.6,2.0,5.25,4.2,4.8
2024-07,100.8,0.7,0.2,2.2,5.25,4.1,4.4
2024-08,101.1,1.1,0.2,2.2,5.0,4.3,4.1
2024-09,101.0,1.0,0.2,1.7,5.0,4.2,4.6
2024-10,101.1,1.51,0.4,2.3,5.0,4.4,5.3
2024-11,101.2,1.3,0.4,2.6,4.7976,4.4,5.5
2024-12,101.6,2.01,0.4,2.5,4.75,4.4,6.0
2025-01,101.6,1.5,0.6,3.0,4.75,4.5,5.7
2025-02,101.9,1.6,0.6,2.8,4.5375,4.6,5.7
2025-03,102.1,1.49,0.6,2.6,4.5,4.6,5.5
2025-04,102.0,1.29,0.0,3.5,4.5,4.7,5.3
2025-05,101.9,0.79,0.0,3.4,4.3,4.7,5.0
2025-06,102.3,1.49,0.0,3.6,4.25,4.7,4.7
2025-07,102.2,1.39,0.2,3.8,4.25,4.8,4.9
2025-08,102.0,0.89,0.2,3.8,4.05,5.0,5.0
2025-09,102.0,0.99,0.2,3.8,4.0,5.1,4.9
2025-10,102.0,0.89,0.0,3.6,4.0,5.1,4.8
2025-11,102.1,0.89,0.0,3.2,4.0,5.2,4.6
2025-12,102.3,0.69,0.0,3.4,3.9048,5.2,4.2
2026-01,102.3,0.69,0.6,3.0,3.75,4.9,4.1
2026-02,102.8,0.88,0.6,3.0,3.75,5.0,3.9
2026-03,103.2,1.08,0.6,3.3,3.75,4.9,4.4
2026-04,103.1,1.08,0.5,2.8,3.75,4.9,4.4
2026-05,103.1,1.18,0.5,2.8,3.75,4.9,4.4
2026-06,103.4,1.08,0.5,2.6,3.75,4.9,4.2
2026-07,103.8,1.57,,2.9,3.75,,3.9
2026-08,,,,3.1,3.75,,
2026-09,,,,,3.75,,
